Category,Challenge Description,Solution Direction
Data Aggregation & Accuracy,"Integrating fragmented datasets from counties, MLS, lenders, etc., and maintaining real-time accuracy.","ETL pipelines, data normalization, versioning logic, and update frequency audits."
Licensing & Data Compliance,"Ensuring legal access and use of proprietary datasets such as MLS, pre-foreclosures, and deeds.","Formal API contracts, MLS board agreements, legal counsel for data usage terms."
UI/UX Complexity,"Providing deep functionality while keeping the interface clean, intuitive, and not overwhelming.","Progressive disclosure, context-sensitive help, simplified default layouts."
System Performance & Scalability,Rendering maps and returning search/filter results from millions of records quickly.,"PostGIS for geo queries, Redis caching, pagination, and lazy loading of results."
Valuation Model Accuracy,Delivering reliable property and rent valuations using machine learning and consistent data.,"Backtesting models, local price trends, combining AI with user manual adjustments."
Feature Overload,"Maintaining stability and coherence with multiple complex tools like skip tracing, comps, CRM, etc.","Microservices architecture, modular UI components, isolated testing per feature."
Mobile-to-Web Continuity,Synchronizing activity between mobile field operations and web dashboards seamlessly.,"Offline access, GPS syncing, background task queues, shared tokens for auth."
User Education & Retention,Educating diverse user types with variable skill levels while improving activation and retention.,"Onboarding flows, inline walkthroughs, interactive courses, and personas-based UI."
Cost Structure,"Balancing cost between heavy API data, email delivery, skip tracing, and document pulls.","Tiered pricing models, usage caps, aggregation batching, and fallback mechanisms."
Data Privacy & Security,"Protecting user and owner data under CCPA, GDPR, and other laws; handling DNC and secure storage.","End-to-end encryption, access control, audit logs, DNC filters, and opt-in systems."
